[
    {
        "pk": 1, 
        "model": "bookmarks.link", 
        "fields": {
            "url": "http://www.aajsfpmuv.ru/"
        }
    }, 
    {
        "pk": 2, 
        "model": "bookmarks.link", 
        "fields": {
            "url": "http://www.xcwjpo.com/"
        }
    }, 
    {
        "pk": 3, 
        "model": "bookmarks.link", 
        "fields": {
            "url": "http://www.rkdoqumrg.ru/"
        }
    }, 
    {
        "pk": 4, 
        "model": "bookmarks.link", 
        "fields": {
            "url": "http://www.sibl.ru/"
        }
    }, 
    {
        "pk": 5, 
        "model": "bookmarks.link", 
        "fields": {
            "url": "http://www.amwmsbmihe.ru/"
        }
    }, 
    {
        "pk": 6, 
        "model": "bookmarks.link", 
        "fields": {
            "url": "http://www.twgbixzwh.su/"
        }
    }, 
    {
        "pk": 7, 
        "model": "bookmarks.link", 
        "fields": {
            "url": "http://www.mewaqhj.com/"
        }
    }, 
    {
        "pk": 8, 
        "model": "bookmarks.link", 
        "fields": {
            "url": "http://www.gdicza.su/"
        }
    }, 
    {
        "pk": 9, 
        "model": "bookmarks.link", 
        "fields": {
            "url": "http://www.myfuj.com/"
        }
    }, 
    {
        "pk": 10, 
        "model": "bookmarks.link", 
        "fields": {
            "url": "http://www.dausispbzx.su/"
        }
    }, 
    {
        "pk": 11, 
        "model": "bookmarks.link", 
        "fields": {
            "url": "http://www.qecdiymvfx.ru/"
        }
    }, 
    {
        "pk": 12, 
        "model": "bookmarks.link", 
        "fields": {
            "url": "http://www.eyqw.gov/"
        }
    }, 
    {
        "pk": 13, 
        "model": "bookmarks.link", 
        "fields": {
            "url": "http://www.amqfvrt.ru/"
        }
    }, 
    {
        "pk": 14, 
        "model": "bookmarks.link", 
        "fields": {
            "url": "http://www.vsgkiy.gov/"
        }
    }, 
    {
        "pk": 15, 
        "model": "bookmarks.link", 
        "fields": {
            "url": "http://www.ltuzfqsjx.ru/"
        }
    }, 
    {
        "pk": 16, 
        "model": "bookmarks.link", 
        "fields": {
            "url": "http://www.eufrrnwf.ru/"
        }
    }, 
    {
        "pk": 17, 
        "model": "bookmarks.link", 
        "fields": {
            "url": "http://www.cshtbqf.su/"
        }
    }, 
    {
        "pk": 18, 
        "model": "bookmarks.link", 
        "fields": {
            "url": "http://www.nmjectpk.gov/"
        }
    }, 
    {
        "pk": 19, 
        "model": "bookmarks.link", 
        "fields": {
            "url": "http://www.ubqif.com/"
        }
    }, 
    {
        "pk": 20, 
        "model": "bookmarks.link", 
        "fields": {
            "url": "http://www.qezfcxkr.su/"
        }
    }, 
    {
        "pk": 21, 
        "model": "bookmarks.link", 
        "fields": {
            "url": "http://www.oeesftfxh.gov/"
        }
    }, 
    {
        "pk": 22, 
        "model": "bookmarks.link", 
        "fields": {
            "url": "http://www.kqhz.gov/"
        }
    }, 
    {
        "pk": 23, 
        "model": "bookmarks.link", 
        "fields": {
            "url": "http://www.dudeij.com/"
        }
    }, 
    {
        "pk": 24, 
        "model": "bookmarks.link", 
        "fields": {
            "url": "http://www.zkywaygk.com/"
        }
    }, 
    {
        "pk": 25, 
        "model": "bookmarks.link", 
        "fields": {
            "url": "http://www.fjfiyffuie.com/"
        }
    }, 
    {
        "pk": 1, 
        "model": "bookmarks.bookmark", 
        "fields": {
            "folder": null, 
            "favicon": "http://www.google.com/s2/favicons?domain_url=http://www.wnba.com/", 
            "link": 25, 
            "user": 1, 
            "title": "o"
        }
    }, 
    {
        "pk": 2, 
        "model": "bookmarks.bookmark", 
        "fields": {
            "folder": null, 
            "favicon": "http://www.google.com/s2/favicons?domain_url=http://www.wnba.com/", 
            "link": 17, 
            "user": 1, 
            "title": "XrgEdk"
        }
    }, 
    {
        "pk": 3, 
        "model": "bookmarks.bookmark", 
        "fields": {
            "folder": null, 
            "favicon": "http://www.google.com/s2/favicons?domain_url=http://www.wnba.com/", 
            "link": 23, 
            "user": 1, 
            "title": "gUz"
        }
    }, 
    {
        "pk": 4, 
        "model": "bookmarks.bookmark", 
        "fields": {
            "folder": null, 
            "favicon": "http://www.google.com/s2/favicons?domain_url=http://www.wnba.com/", 
            "link": 14, 
            "user": 1, 
            "title": "UUBPtq"
        }
    }, 
    {
        "pk": 5, 
        "model": "bookmarks.bookmark", 
        "fields": {
            "folder": null, 
            "favicon": "http://www.google.com/s2/favicons?domain_url=http://www.wnba.com/", 
            "link": 16, 
            "user": 1, 
            "title": "ggnC"
        }
    }, 
    {
        "pk": 6, 
        "model": "bookmarks.bookmark", 
        "fields": {
            "folder": null, 
            "favicon": "http://www.google.com/s2/favicons?domain_url=http://www.wnba.com/", 
            "link": 6, 
            "user": 1, 
            "title": "yBbLKHo"
        }
    }, 
    {
        "pk": 7, 
        "model": "bookmarks.bookmark", 
        "fields": {
            "folder": null, 
            "favicon": "http://www.google.com/s2/favicons?domain_url=http://www.wnba.com/", 
            "link": 18, 
            "user": 1, 
            "title": "dPw"
        }
    }, 
    {
        "pk": 8, 
        "model": "bookmarks.bookmark", 
        "fields": {
            "folder": null, 
            "favicon": "http://www.google.com/s2/favicons?domain_url=http://www.wnba.com/", 
            "link": 21, 
            "user": 1, 
            "title": "ef"
        }
    }, 
    {
        "pk": 9, 
        "model": "bookmarks.bookmark", 
        "fields": {
            "folder": null, 
            "favicon": "http://www.google.com/s2/favicons?domain_url=http://www.wnba.com/", 
            "link": 4, 
            "user": 1, 
            "title": "EdtYCmug"
        }
    }, 
    {
        "pk": 10, 
        "model": "bookmarks.bookmark", 
        "fields": {
            "folder": null, 
            "favicon": "http://www.google.com/s2/favicons?domain_url=http://www.wnba.com/", 
            "link": 15, 
            "user": 1, 
            "title": "sFVLp"
        }
    }, 
    {
        "pk": 11, 
        "model": "bookmarks.bookmark", 
        "fields": {
            "folder": null, 
            "favicon": "http://www.google.com/s2/favicons?domain_url=http://www.wnba.com/", 
            "link": 5, 
            "user": 1, 
            "title": "xmlIQOahJG"
        }
    }, 
    {
        "pk": 12, 
        "model": "bookmarks.bookmark", 
        "fields": {
            "folder": null, 
            "favicon": "http://www.google.com/s2/favicons?domain_url=http://www.wnba.com/", 
            "link": 10, 
            "user": 1, 
            "title": "z"
        }
    }, 
    {
        "pk": 13, 
        "model": "bookmarks.bookmark", 
        "fields": {
            "folder": null, 
            "favicon": "http://www.google.com/s2/favicons?domain_url=http://www.wnba.com/", 
            "link": 3, 
            "user": 1, 
            "title": "ZrDlZiUCv"
        }
    }, 
    {
        "pk": 14, 
        "model": "bookmarks.bookmark", 
        "fields": {
            "folder": null, 
            "favicon": "http://www.google.com/s2/favicons?domain_url=http://www.wnba.com/", 
            "link": 9, 
            "user": 1, 
            "title": "hNYlIlz"
        }
    }, 
    {
        "pk": 15, 
        "model": "bookmarks.bookmark", 
        "fields": {
            "folder": null, 
            "favicon": "http://www.google.com/s2/favicons?domain_url=http://www.wnba.com/", 
            "link": 2, 
            "user": 1, 
            "title": "RhbwnM"
        }
    }, 
    {
        "pk": 16, 
        "model": "bookmarks.bookmark", 
        "fields": {
            "folder": null, 
            "favicon": "http://www.google.com/s2/favicons?domain_url=http://www.wnba.com/", 
            "link": 22, 
            "user": 1, 
            "title": "rPLrUM"
        }
    }, 
    {
        "pk": 17, 
        "model": "bookmarks.bookmark", 
        "fields": {
            "folder": null, 
            "favicon": "http://www.google.com/s2/favicons?domain_url=http://www.wnba.com/", 
            "link": 11, 
            "user": 1, 
            "title": "WARSGc"
        }
    }, 
    {
        "pk": 18, 
        "model": "bookmarks.bookmark", 
        "fields": {
            "folder": null, 
            "favicon": "http://www.google.com/s2/favicons?domain_url=http://www.wnba.com/", 
            "link": 13, 
            "user": 1, 
            "title": "CwzHvq"
        }
    }, 
    {
        "pk": 19, 
        "model": "bookmarks.bookmark", 
        "fields": {
            "folder": null, 
            "favicon": "http://www.google.com/s2/favicons?domain_url=http://www.wnba.com/", 
            "link": 19, 
            "user": 1, 
            "title": "psYD"
        }
    }, 
    {
        "pk": 20, 
        "model": "bookmarks.bookmark", 
        "fields": {
            "folder": null, 
            "favicon": "http://www.google.com/s2/favicons?domain_url=http://www.wnba.com/", 
            "link": 7, 
            "user": 1, 
            "title": "GrjFNsKsS"
        }
    }, 
    {
        "pk": 21, 
        "model": "bookmarks.bookmark", 
        "fields": {
            "folder": null, 
            "favicon": "http://www.google.com/s2/favicons?domain_url=http://www.wnba.com/", 
            "link": 1, 
            "user": 1, 
            "title": "lXJ"
        }
    }, 
    {
        "pk": 22, 
        "model": "bookmarks.bookmark", 
        "fields": {
            "folder": null, 
            "favicon": "http://www.google.com/s2/favicons?domain_url=http://www.wnba.com/", 
            "link": 8, 
            "user": 1, 
            "title": "Ac"
        }
    }, 
    {
        "pk": 23, 
        "model": "bookmarks.bookmark", 
        "fields": {
            "folder": null, 
            "favicon": "http://www.google.com/s2/favicons?domain_url=http://www.wnba.com/", 
            "link": 12, 
            "user": 1, 
            "title": "fBi"
        }
    }, 
    {
        "pk": 24, 
        "model": "bookmarks.bookmark", 
        "fields": {
            "folder": null, 
            "favicon": "http://www.google.com/s2/favicons?domain_url=http://www.wnba.com/", 
            "link": 20, 
            "user": 1, 
            "title": "l"
        }
    }, 
    {
        "pk": 25, 
        "model": "bookmarks.bookmark", 
        "fields": {
            "folder": null, 
            "favicon": "http://www.google.com/s2/favicons?domain_url=http://www.wnba.com/", 
            "link": 24, 
            "user": 1, 
            "title": "UtguptEL"
        }
    }, 
    {
        "pk": 1, 
        "model": "tags.tag", 
        "fields": {
            "bookmarks": [
                8, 
                4, 
                25, 
                19, 
                15, 
                10, 
                1
            ], 
            "name": "uoosfl"
        }
    }, 
    {
        "pk": 2, 
        "model": "tags.tag", 
        "fields": {
            "bookmarks": [
                3, 
                2
            ], 
            "name": "axkiibob"
        }
    }, 
    {
        "pk": 3, 
        "model": "tags.tag", 
        "fields": {
            "bookmarks": [
                22, 
                19
            ], 
            "name": "tm"
        }
    }, 
    {
        "pk": 4, 
        "model": "tags.tag", 
        "fields": {
            "bookmarks": [
                5, 
                4, 
                23, 
                21, 
                20
            ], 
            "name": "pljnhzaxfq"
        }
    }, 
    {
        "pk": 5, 
        "model": "tags.tag", 
        "fields": {
            "bookmarks": [
                24, 
                2
            ], 
            "name": "dcplbnm"
        }
    }, 
    {
        "pk": 6, 
        "model": "tags.tag", 
        "fields": {
            "bookmarks": [
                7, 
                3, 
                18, 
                17, 
                17, 
                16, 
                11, 
                10
            ], 
            "name": "pjvasagay"
        }
    }, 
    {
        "pk": 7, 
        "model": "tags.tag", 
        "fields": {
            "bookmarks": [
                9, 
                9, 
                7, 
                6, 
                22, 
                21, 
                18, 
                12
            ], 
            "name": "wlqdkls"
        }
    }, 
    {
        "pk": 8, 
        "model": "tags.tag", 
        "fields": {
            "bookmarks": [
                3, 
                2, 
                19, 
                18
            ], 
            "name": "csgzswibt"
        }
    }, 
    {
        "pk": 9, 
        "model": "tags.tag", 
        "fields": {
            "bookmarks": [
                8, 
                6, 
                4, 
                2, 
                2, 
                17, 
                16, 
                15
            ], 
            "name": "yrt"
        }
    }, 
    {
        "pk": 10, 
        "model": "tags.tag", 
        "fields": {
            "bookmarks": [
                9, 
                7, 
                3, 
                22, 
                19, 
                18
            ], 
            "name": "bapuno"
        }
    }, 
    {
        "pk": 11, 
        "model": "tags.tag", 
        "fields": {
            "bookmarks": [
                5, 
                21, 
                20, 
                18, 
                17, 
                16
            ], 
            "name": "qyxafq"
        }
    }, 
    {
        "pk": 12, 
        "model": "tags.tag", 
        "fields": {
            "bookmarks": [
                6, 
                24, 
                24, 
                19, 
                17, 
                15, 
                15, 
                13, 
                10, 
                1
            ], 
            "name": "vfdh"
        }
    }, 
    {
        "pk": 13, 
        "model": "tags.tag", 
        "fields": {
            "bookmarks": [
                23, 
                19, 
                13
            ], 
            "name": "ky"
        }
    }, 
    {
        "pk": 14, 
        "model": "tags.tag", 
        "fields": {
            "bookmarks": [
                9
            ], 
            "name": "osz"
        }
    }, 
    {
        "pk": 15, 
        "model": "tags.tag", 
        "fields": {
            "bookmarks": [
                6, 
                4, 
                2, 
                19, 
                17, 
                17
            ], 
            "name": "symalfkof"
        }
    }, 
    {
        "pk": 16, 
        "model": "tags.tag", 
        "fields": {
            "bookmarks": [
                3, 
                3, 
                25, 
                20, 
                2, 
                18
            ], 
            "name": "xqqotffev"
        }
    }, 
    {
        "pk": 17, 
        "model": "tags.tag", 
        "fields": {
            "bookmarks": [
                24, 
                22, 
                21, 
                18, 
                18
            ], 
            "name": "kzsar"
        }
    }, 
    {
        "pk": 18, 
        "model": "tags.tag", 
        "fields": {
            "bookmarks": [
                9, 
                9, 
                7, 
                4, 
                24, 
                23, 
                22, 
                2
            ], 
            "name": "rkicsgwgw"
        }
    }, 
    {
        "pk": 19, 
        "model": "tags.tag", 
        "fields": {
            "bookmarks": [
                8, 
                8, 
                4, 
                3, 
                3, 
                16, 
                13, 
                12
            ], 
            "name": "zhgjyn"
        }
    }, 
    {
        "pk": 20, 
        "model": "tags.tag", 
        "fields": {
            "bookmarks": [
                4, 
                19
            ], 
            "name": "wn"
        }
    }, 
    {
        "pk": 21, 
        "model": "tags.tag", 
        "fields": {
            "bookmarks": [
                6, 
                4, 
                23, 
                22, 
                21, 
                20, 
                19, 
                15, 
                1
            ], 
            "name": "vtekbnh"
        }
    }, 
    {
        "pk": 22, 
        "model": "tags.tag", 
        "fields": {
            "bookmarks": [
                24, 
                24, 
                23, 
                17, 
                15, 
                13
            ], 
            "name": "mog"
        }
    }, 
    {
        "pk": 23, 
        "model": "tags.tag", 
        "fields": {
            "bookmarks": [
                20, 
                18, 
                17, 
                17, 
                11, 
                11
            ], 
            "name": "szaqgxnlb"
        }
    }, 
    {
        "pk": 24, 
        "model": "tags.tag", 
        "fields": {
            "bookmarks": [
                5, 
                24, 
                23, 
                22, 
                2, 
                12, 
                10, 
                1
            ], 
            "name": "tzivm"
        }
    }, 
    {
        "pk": 25, 
        "model": "tags.tag", 
        "fields": {
            "bookmarks": [
                8, 
                6, 
                6, 
                5, 
                22, 
                21, 
                21, 
                20, 
                17
            ], 
            "name": "q"
        }
    }, 
    {
        "pk": 26, 
        "model": "tags.tag", 
        "fields": {
            "bookmarks": [
                9, 
                8, 
                8, 
                24, 
                23, 
                23, 
                15, 
                13
            ], 
            "name": "rdtc"
        }
    }, 
    {
        "pk": 27, 
        "model": "tags.tag", 
        "fields": {
            "bookmarks": [
                7, 
                4, 
                2, 
                19, 
                18, 
                16, 
                16, 
                15, 
                11, 
                1
            ], 
            "name": "rkcpqucdju"
        }
    }, 
    {
        "pk": 28, 
        "model": "tags.tag", 
        "fields": {
            "bookmarks": [
                6, 
                5, 
                20, 
                1, 
                1
            ], 
            "name": "aoamjanx"
        }
    }, 
    {
        "pk": 29, 
        "model": "tags.tag", 
        "fields": {
            "bookmarks": [
                8, 
                4, 
                24, 
                21, 
                15, 
                11
            ], 
            "name": "ez"
        }
    }, 
    {
        "pk": 30, 
        "model": "tags.tag", 
        "fields": {
            "bookmarks": [
                10
            ], 
            "name": "qbmmw"
        }
    }, 
    {
        "pk": 31, 
        "model": "tags.tag", 
        "fields": {
            "bookmarks": [
                7, 
                5, 
                18, 
                17, 
                17, 
                14, 
                13, 
                1
            ], 
            "name": "dx"
        }
    }, 
    {
        "pk": 32, 
        "model": "tags.tag", 
        "fields": {
            "bookmarks": [
                22, 
                13, 
                1
            ], 
            "name": "wdncwsom"
        }
    }, 
    {
        "pk": 33, 
        "model": "tags.tag", 
        "fields": {
            "bookmarks": [
                6, 
                22, 
                2, 
                14
            ], 
            "name": "u"
        }
    }, 
    {
        "pk": 34, 
        "model": "tags.tag", 
        "fields": {
            "bookmarks": [
                25, 
                19
            ], 
            "name": "rd"
        }
    }, 
    {
        "pk": 35, 
        "model": "tags.tag", 
        "fields": {
            "bookmarks": [
                7, 
                6, 
                4, 
                19, 
                16, 
                14
            ], 
            "name": "cgymqeb"
        }
    }, 
    {
        "pk": 36, 
        "model": "tags.tag", 
        "fields": {
            "bookmarks": [
                6, 
                5, 
                25, 
                24, 
                19, 
                19, 
                17, 
                14
            ], 
            "name": "zytqnzakh"
        }
    }, 
    {
        "pk": 37, 
        "model": "tags.tag", 
        "fields": {
            "bookmarks": [
                9, 
                7, 
                5, 
                21, 
                19, 
                18, 
                15, 
                14, 
                12
            ], 
            "name": "bkroqdp"
        }
    }, 
    {
        "pk": 38, 
        "model": "tags.tag", 
        "fields": {
            "bookmarks": [
                9, 
                6, 
                6, 
                25, 
                23, 
                22, 
                21, 
                17, 
                13, 
                1
            ], 
            "name": "lybnbkw"
        }
    }, 
    {
        "pk": 39, 
        "model": "tags.tag", 
        "fields": {
            "bookmarks": [
                23, 
                20, 
                16, 
                15, 
                14
            ], 
            "name": "mce"
        }
    }, 
    {
        "pk": 40, 
        "model": "tags.tag", 
        "fields": {
            "bookmarks": [
                5, 
                20, 
                18
            ], 
            "name": "ovztmwyl"
        }
    }, 
    {
        "pk": 41, 
        "model": "tags.tag", 
        "fields": {
            "bookmarks": [
                9, 
                21, 
                21
            ], 
            "name": "kwcnb"
        }
    }, 
    {
        "pk": 42, 
        "model": "tags.tag", 
        "fields": {
            "bookmarks": [
                9, 
                7, 
                22, 
                2, 
                19, 
                17, 
                15, 
                14, 
                13
            ], 
            "name": "ypcvstvr"
        }
    }, 
    {
        "pk": 43, 
        "model": "tags.tag", 
        "fields": {
            "bookmarks": [
                8, 
                22, 
                20, 
                2, 
                15
            ], 
            "name": "etj"
        }
    }, 
    {
        "pk": 44, 
        "model": "tags.tag", 
        "fields": {
            "bookmarks": [
                8, 
                5, 
                5, 
                3, 
                24, 
                24, 
                22, 
                22, 
                15, 
                15
            ], 
            "name": "pbhnpa"
        }
    }, 
    {
        "pk": 45, 
        "model": "tags.tag", 
        "fields": {
            "bookmarks": [
                21
            ], 
            "name": "me"
        }
    }, 
    {
        "pk": 46, 
        "model": "tags.tag", 
        "fields": {
            "bookmarks": [
                11
            ], 
            "name": "f"
        }
    }, 
    {
        "pk": 47, 
        "model": "tags.tag", 
        "fields": {
            "bookmarks": [
                8, 
                4, 
                23, 
                20, 
                20, 
                16, 
                15, 
                12, 
                11
            ], 
            "name": "xdojew"
        }
    }, 
    {
        "pk": 48, 
        "model": "tags.tag", 
        "fields": {
            "bookmarks": [
                25, 
                18
            ], 
            "name": "mzw"
        }
    }, 
    {
        "pk": 49, 
        "model": "tags.tag", 
        "fields": {
            "bookmarks": [
                6, 
                5, 
                3, 
                24, 
                19, 
                16, 
                14, 
                1
            ], 
            "name": "jsy"
        }
    }, 
    {
        "pk": 50, 
        "model": "tags.tag", 
        "fields": {
            "bookmarks": [
                9, 
                5, 
                4, 
                2, 
                18, 
                17, 
                14, 
                11
            ], 
            "name": "ttza"
        }
    }, 
    {
        "pk": 51, 
        "model": "tags.tag", 
        "fields": {
            "bookmarks": [
                6, 
                6, 
                24, 
                23, 
                20, 
                16, 
                15, 
                12, 
                11, 
                10
            ], 
            "name": "ckjrbxqt"
        }
    }, 
    {
        "pk": 52, 
        "model": "tags.tag", 
        "fields": {
            "bookmarks": [
                3
            ], 
            "name": "rnq"
        }
    }, 
    {
        "pk": 53, 
        "model": "tags.tag", 
        "fields": {
            "bookmarks": [
                24, 
                2
            ], 
            "name": "ogzfwmjee"
        }
    }, 
    {
        "pk": 54, 
        "model": "tags.tag", 
        "fields": {
            "bookmarks": [
                8, 
                4, 
                3, 
                22, 
                21, 
                19, 
                14, 
                11, 
                1, 
                1
            ], 
            "name": "uywbfrxmiz"
        }
    }, 
    {
        "pk": 55, 
        "model": "tags.tag", 
        "fields": {
            "bookmarks": [
                8, 
                5, 
                14, 
                14
            ], 
            "name": "c"
        }
    }, 
    {
        "pk": 56, 
        "model": "tags.tag", 
        "fields": {
            "bookmarks": [
                8, 
                19, 
                15, 
                14, 
                1
            ], 
            "name": "szh"
        }
    }, 
    {
        "pk": 57, 
        "model": "tags.tag", 
        "fields": {
            "bookmarks": [
                25, 
                12
            ], 
            "name": "qgdrtydido"
        }
    }, 
    {
        "pk": 58, 
        "model": "tags.tag", 
        "fields": {
            "bookmarks": [
                2, 
                15, 
                11, 
                10
            ], 
            "name": "wgjwsjbi"
        }
    }, 
    {
        "pk": 59, 
        "model": "tags.tag", 
        "fields": {
            "bookmarks": [
                9, 
                7, 
                7, 
                3, 
                24, 
                23, 
                20, 
                19, 
                16
            ], 
            "name": "uhhvt"
        }
    }, 
    {
        "pk": 60, 
        "model": "tags.tag", 
        "fields": {
            "bookmarks": [
                17, 
                16
            ], 
            "name": "izjdsdvuu"
        }
    }, 
    {
        "pk": 61, 
        "model": "tags.tag", 
        "fields": {
            "bookmarks": [
                9, 
                5, 
                24, 
                23, 
                21, 
                21, 
                20, 
                20, 
                2, 
                19
            ], 
            "name": "yosvhhln"
        }
    }, 
    {
        "pk": 62, 
        "model": "tags.tag", 
        "fields": {
            "bookmarks": [
                3, 
                20, 
                19, 
                17, 
                17, 
                17, 
                15, 
                12, 
                10
            ], 
            "name": "yhgebq"
        }
    }, 
    {
        "pk": 63, 
        "model": "tags.tag", 
        "fields": {
            "bookmarks": [
                5, 
                1
            ], 
            "name": "dlknuix"
        }
    }, 
    {
        "pk": 64, 
        "model": "tags.tag", 
        "fields": {
            "bookmarks": [
                22, 
                16
            ], 
            "name": "fohyrhye"
        }
    }, 
    {
        "pk": 65, 
        "model": "tags.tag", 
        "fields": {
            "bookmarks": [
                25, 
                22, 
                2, 
                12
            ], 
            "name": "pptrufdx"
        }
    }, 
    {
        "pk": 66, 
        "model": "tags.tag", 
        "fields": {
            "bookmarks": [
                7
            ], 
            "name": "pkpxsn"
        }
    }, 
    {
        "pk": 67, 
        "model": "tags.tag", 
        "fields": {
            "bookmarks": [
                9, 
                12, 
                12
            ], 
            "name": "h"
        }
    }, 
    {
        "pk": 68, 
        "model": "tags.tag", 
        "fields": {
            "bookmarks": [
                7
            ], 
            "name": "snnou"
        }
    }, 
    {
        "pk": 69, 
        "model": "tags.tag", 
        "fields": {
            "bookmarks": [
                6, 
                16, 
                11
            ], 
            "name": "bblapohl"
        }
    }, 
    {
        "pk": 70, 
        "model": "tags.tag", 
        "fields": {
            "bookmarks": [
                7, 
                5, 
                25, 
                23, 
                2, 
                19, 
                12, 
                12
            ], 
            "name": "zimyvahuyf"
        }
    }, 
    {
        "pk": 71, 
        "model": "tags.tag", 
        "fields": {
            "bookmarks": [
                24, 
                21, 
                20, 
                18, 
                14, 
                1
            ], 
            "name": "uvvqfhl"
        }
    }
]